review,rating,date,bank,source,sentiment_score,sentiment_label
very good promotions all the time.,5,2025-11-29,Bank of Abyssinia,Google Play,0.4927,positive
LOVE MY BANK OF AMERICA,5,2025-11-29,Bank of Abyssinia,Google Play,0.6369,positive
Best app of all of the banks!,5,2025-11-29,Bank of Abyssinia,Google Play,0.6696,positive
AM VERY SATISFIED WITH YOUR EXPERTISE,5,2025-11-29,Bank of Abyssinia,Google Play,0.4754,positive
Customer service not existing....,1,2025-11-29,Bank of Abyssinia,Google Play,0.0,neutral
It's awesome! love it,5,2025-11-29,Bank of Abyssinia,Google Play,0.8622,positive
many many years no problems,5,2025-11-29,Bank of Abyssinia,Google Play,0.3089,positive
it would be better if we could get daily updates/ predictions of when your new card is going to be delivered,4,2025-11-29,Bank of Abyssinia,Google Play,0.4404,positive
I really appreciate the online bofa system it really structures my life thanks!!!,5,2025-11-29,Bank of Abyssinia,Google Play,0.7763,positive
why not show us we need an updatei steady nothing works but shows it is. this bank is getting on my last nerve,1,2025-11-29,Bank of Abyssinia,Google Play,0.0,neutral
App is crashing / logging out when I log in for the first time in a day,2,2025-11-29,Bank of Abyssinia,Google Play,0.0,neutral
üëçüèªGREAT,5,2025-11-29,Bank of Abyssinia,Google Play,0.0,neutral
very easy on the eyes,4,2025-11-29,Bank of Abyssinia,Google Play,0.4927,positive
great,5,2025-11-29,Bank of Abyssinia,Google Play,0.6249,positive
"Feels insecure. Constantly asks me to update my personal information, when no changes have been made in years. slow loading account transactions. Have to individually pay credit card bills, instead of a single page. Just very clumsy application all around.",1,2025-11-29,Bank of Abyssinia,Google Play,-0.4215,negative
I can't see all the transactions. I want to see from April 10 to now.,1,2025-11-29,Bank of Abyssinia,Google Play,0.0772,positive
always great üëç,5,2025-11-29,Bank of Abyssinia,Google Play,0.6249,positive
excellent,5,2025-11-29,Bank of Abyssinia,Google Play,0.5719,positive
it is always easy to use. it's very convenient.,5,2025-11-29,Bank of Abyssinia,Google Play,0.4404,positive
everything is great,5,2025-11-29,Bank of Abyssinia,Google Play,0.6249,positive
Very easy.,5,2025-11-29,Bank of Abyssinia,Google Play,0.4927,positive
I appreciate Bank of America only sometimes I can't deposit a check online,5,2025-11-29,Bank of Abyssinia,Google Play,0.4019,positive
I've been able to do everything so far with this app,5,2025-11-29,Bank of Abyssinia,Google Play,0.0,neutral
Great App I Really Love It!!!!,5,2025-11-29,Bank of Abyssinia,Google Play,0.8948,positive
great app,5,2025-11-29,Bank of Abyssinia,Google Play,0.6249,positive
very good bank,5,2025-11-29,Bank of Abyssinia,Google Play,0.4927,positive
Application is very friendly and easy to use . 10 out 10 .,5,2025-11-29,Bank of Abyssinia,Google Play,0.7688,positive
"fast and easy,very informative",5,2025-11-29,Bank of Abyssinia,Google Play,0.0,neutral
Awesome!,5,2025-11-29,Bank of Abyssinia,Google Play,0.6588,positive
thank you for all what you do keep online bank safe thank you for acknowledging scammer,5,2025-11-29,Bank of Abyssinia,Google Play,0.7845,positive
Very accessible and easy to navigate.,5,2025-11-29,Bank of Abyssinia,Google Play,0.4877,positive
easy to use.,5,2025-11-29,Bank of Abyssinia,Google Play,0.4404,positive
Easy no hassle!,5,2025-11-29,Bank of Abyssinia,Google Play,0.2481,positive
BofA ABSOLUTELY FREAKING ROCKS!!!! APP is PERFECT,5,2025-11-29,Bank of Abyssinia,Google Play,-0.3169,negative
"b af a is a very good app and if you can't change something in the app you can go online and modify it.. I don't have problems with it and am very content with the features. I wish there was an option to be able to verify say, six months of income without giving my entire statement. other than that, it's great. I've been with B of A for 50 years so obviously this works for me. 50 years! half a century, wow! I just realized how old that sounds and is. lol üòÜ",5,2025-11-29,Bank of Abyssinia,Google Play,0.9633,positive
Excellent,5,2025-11-29,Bank of Abyssinia,Google Play,0.5719,positive
User friendly,4,2025-11-29,Bank of Abyssinia,Google Play,0.4939,positive
Love the APP and how the bank is keeping up with the times and technology. Always works and been using it for years. BofA is definitely a leader on its app and in the banking industry. Still loving it after decades as a customer. App still works flawlessly.,5,2025-11-29,Bank of Abyssinia,Google Play,0.9118,positive
Responsive and easy to use. Never any issues. BOA customer of 45 years.,5,2025-11-29,Bank of Abyssinia,Google Play,0.6597,positive
love it,5,2025-11-29,Bank of Abyssinia,Google Play,0.6369,positive
app no longer working on my phone,1,2025-11-29,Bank of Abyssinia,Google Play,-0.296,negative
"app glitches, get words wrong when speaking needs, take way to long to connect to real person. (Go back to live agents without aI/automated pls). Disappointed in bank overall. when able to reach, live personnel are great, but very hard to come by. Save your money on technology, train and hire drive through tellers back and more call center personnel.",1,2025-11-29,Bank of Abyssinia,Google Play,0.668,positive
awesome üëå,5,2025-11-29,Bank of Abyssinia,Google Play,0.8816,positive
very easy to access all accounts and see all transactions.,5,2025-11-29,Bank of Abyssinia,Google Play,0.4927,positive
awesome good experience,5,2025-11-29,Bank of Abyssinia,Google Play,0.7906,positive
great.nice and fast,5,2025-11-29,Bank of Abyssinia,Google Play,0.0,neutral
fast and efficient! I can also find my way around easily! also? the AI assistant helps üòÄüíì,5,2025-11-29,Bank of Abyssinia,Google Play,0.9018,positive
Excellent!!,5,2025-11-29,Bank of Abyssinia,Google Play,0.6467,positive
on point!,5,2025-11-29,Bank of Abyssinia,Google Play,0.0,neutral
Your app is realy helpfull.,5,2025-11-29,Bank of Abyssinia,Google Play,0.0,neutral
Easy to use I like the app,5,2025-11-29,Bank of Abyssinia,Google Play,0.6597,positive
Great,5,2025-11-29,Bank of Abyssinia,Google Play,0.6249,positive
Excellent Great Experience with Customer Service And The Bank Tellers Are Super My Branch in Woodstock Ga is ABSOLUTELY A Great Team Been With Them For 11 years üëèüëèüëèüëè,5,2025-11-29,Bank of Abyssinia,Google Play,0.957,positive
smooth,4,2025-11-28,Bank of Abyssinia,Google Play,0.0,neutral
"been with b.o.a for 35 years,great bank.",5,2025-11-28,Bank of Abyssinia,Google Play,0.0,neutral
The app is freezing and booting me out involuntarily. The latest message is that the app has a bug and I should clear my cache. Will this fix itself or is there an update coming soon?,1,2025-11-28,Bank of Abyssinia,Google Play,0.296,positive
Easy to use.,5,2025-11-28,Bank of Abyssinia,Google Play,0.4404,positive
"EASY TO FOLLOW THROUGH, I LIKE IT...",5,2025-11-28,Bank of Abyssinia,Google Play,0.6597,positive
good app,5,2025-11-28,Bank of Abyssinia,Google Play,0.4404,positive
Love this app it is so easy and safe to use.thank you BOAüòò satisfaction is guaranteed üëçüëçüëçexcellent.my favorite app,5,2025-11-28,Bank of Abyssinia,Google Play,0.9628,positive
Once in a while this app can't connect to the mobile data or wifi,2,2025-11-28,Bank of Abyssinia,Google Play,0.0,neutral
y'all don't even deserve a 1 star that's being to nice.,1,2025-11-28,Bank of Abyssinia,Google Play,0.4215,positive
I have no issue with Bank of America and I've been using them since 2016.,5,2025-11-28,Bank of Abyssinia,Google Play,-0.296,negative
An excellent üëè app,5,2025-11-28,Bank of Abyssinia,Google Play,0.5719,positive
Love to be able to see if anybody else is using my account,5,2025-11-28,Bank of Abyssinia,Google Play,0.6369,positive
"great, easy and helpful",5,2025-11-28,Bank of Abyssinia,Google Play,0.8689,positive
Great bank ‚ù§Ô∏è‚ù§Ô∏è‚ù§Ô∏èüôèüôè‚ù§Ô∏è‚ù§Ô∏èüôè‚ù§Ô∏è‚ù§Ô∏è‚ù§Ô∏è Have get a day ‚ù§Ô∏è‚ù§Ô∏è‚ù§Ô∏è‚ù§Ô∏è‚ù§Ô∏è‚ù§Ô∏è‚ù§Ô∏è‚ù§Ô∏è,5,2025-11-28,Bank of Abyssinia,Google Play,0.6249,positive
always alerts me to scams and any rare charges.,5,2025-11-28,Bank of Abyssinia,Google Play,-0.7096,negative
Balance is difficult to track,2,2025-11-28,Bank of Abyssinia,Google Play,-0.3612,negative
professional s,5,2025-11-28,Bank of Abyssinia,Google Play,0.0,neutral
"I love the app, it's shows everything right down to the penny, plus alot of offers. if your card is lost you can lock your phone for whatever reason, Thank you Bank of America, The best bank!",5,2025-11-28,Bank of Abyssinia,Google Play,0.8718,positive
Excelent !!!,5,2025-11-28,Bank of Abyssinia,Google Play,0.0,neutral
love,5,2025-11-28,Bank of Abyssinia,Google Play,0.6369,positive
Bank America is great!! Been with them for years!!! They have the best rate!! Love Bank Of America!!,5,2025-11-28,Bank of Abyssinia,Google Play,0.94,positive
Bank of America was very helpful with me.,5,2025-11-28,Bank of Abyssinia,Google Play,0.4754,positive
Excellent,5,2025-11-28,Bank of Abyssinia,Google Play,0.5719,positive
"very useful, easy to use nn",5,2025-11-28,Bank of Abyssinia,Google Play,0.7485,positive
excellent,5,2025-11-28,Bank of Abyssinia,Google Play,0.5719,positive
easy to pay,5,2025-11-28,Bank of Abyssinia,Google Play,0.3612,positive
The mobile app is working so well.Fast and reliable.,5,2025-11-28,Bank of Abyssinia,Google Play,0.0,neutral
Easy to navigate,5,2025-11-28,Bank of Abyssinia,Google Play,0.4404,positive
Great,5,2025-11-28,Bank of Abyssinia,Google Play,0.6249,positive
This app is great,5,2025-11-28,Bank of Abyssinia,Google Play,0.6249,positive
works well let keep it for a few years Please,5,2025-11-28,Bank of Abyssinia,Google Play,0.5267,positive
the one and only problem I ever have is ordering replacement checks,5,2025-11-28,Bank of Abyssinia,Google Play,-0.4019,negative
easy to navigate,5,2025-11-28,Bank of Abyssinia,Google Play,0.4404,positive
"easy,fast,secure",5,2025-11-28,Bank of Abyssinia,Google Play,0.0,neutral
the app has been a great option for me while I am overseas in the Philippines,5,2025-11-28,Bank of Abyssinia,Google Play,0.6249,positive
bring back quick balance,2,2025-11-28,Bank of Abyssinia,Google Play,0.0,neutral
"Wonderful, kind, trustworthy, patient",5,2025-11-28,Bank of Abyssinia,Google Play,0.8934,positive
the employes at the bank when ever I have needed assistance have always been very helpful and patient.,5,2025-11-28,Bank of Abyssinia,Google Play,0.4754,positive
Love the app and very easy to use with fingerprint access. Love it. Thumbs up,5,2025-11-28,Bank of Abyssinia,Google Play,0.9117,positive
Great service,5,2025-11-28,Bank of Abyssinia,Google Play,0.6249,positive
"EASY ACCESS,CONVENIENT.",5,2025-11-28,Bank of Abyssinia,Google Play,0.4404,positive
"availability, ease of use, gr8 customer service.",5,2025-11-28,Bank of Abyssinia,Google Play,0.7351,positive
easy and everything is available,5,2025-11-28,Bank of Abyssinia,Google Play,0.4404,positive
outstanding application,5,2025-11-28,Bank of Abyssinia,Google Play,0.6124,positive
could stand some improvement.,4,2025-11-28,Bank of Abyssinia,Google Play,0.4588,positive
it's easy to use it. every thing I need it i can finding it. thanks BoA.,5,2025-11-28,Bank of Abyssinia,Google Play,0.7003,positive
always a great experience,5,2025-11-28,Bank of Abyssinia,Google Play,0.6249,positive
pretty good,5,2025-11-28,Bank of Abyssinia,Google Play,0.7269,positive
easy to use and understand.,5,2025-11-28,Bank of Abyssinia,Google Play,0.4404,positive
nice,4,2025-11-27,Bank of Abyssinia,Google Play,0.4215,positive
Always working as it should and never gave me any trouble,5,2025-11-27,Bank of Abyssinia,Google Play,-0.4019,negative
easy to use and very safe,5,2025-11-27,Bank of Abyssinia,Google Play,0.7264,positive
Very easy and straightforward to use,5,2025-11-27,Bank of Abyssinia,Google Play,0.4927,positive
very good,5,2025-11-27,Bank of Abyssinia,Google Play,0.4927,positive
I wish I understood better too,5,2025-11-27,Bank of Abyssinia,Google Play,0.6808,positive
"Love this app, so easy and quick to make transactions",5,2025-11-27,Bank of Abyssinia,Google Play,0.8377,positive
The app is smooth. No issues noted. üëçüèΩ,5,2025-11-27,Bank of Abyssinia,Google Play,-0.296,negative
Good app,5,2025-11-27,Bank of Abyssinia,Google Play,0.4404,positive
Great,5,2025-11-27,Bank of Abyssinia,Google Play,0.6249,positive
Excellent in,5,2025-11-27,Bank of Abyssinia,Google Play,0.5719,positive
Good,5,2025-11-27,Bank of Abyssinia,Google Play,0.4404,positive
very good.,5,2025-11-27,Bank of Abyssinia,Google Play,0.4927,positive
Excellent app. Very easy to navigate,5,2025-11-27,Bank of Abyssinia,Google Play,0.7841,positive
"Been banking here for 20 years! Great app!!!! Never down, always running with no problems! A+++++",5,2025-11-27,Bank of Abyssinia,Google Play,0.8189,positive
Good experience,5,2025-11-27,Bank of Abyssinia,Google Play,0.4404,positive
Great! Use it daily. Always accurate. Zelle is flawless for me. Still the best. No change.,5,2025-11-27,Bank of Abyssinia,Google Play,0.8932,positive
Works great,5,2025-11-27,Bank of Abyssinia,Google Play,0.6249,positive
essy to use and get my banking.done,4,2025-11-27,Bank of Abyssinia,Google Play,0.0,neutral
"exceptional, excellent, efficient and effective",5,2025-11-27,Bank of Abyssinia,Google Play,0.8799,positive
Exelent to use it! I love itlp,5,2025-11-27,Bank of Abyssinia,Google Play,0.6696,positive
good,5,2025-11-27,Bank of Abyssinia,Google Play,0.4404,positive
love it,5,2025-11-27,Bank of Abyssinia,Google Play,0.6369,positive
The app make my life easy. I will just lay on my bed and do what ever I want to do especially my shopping. I love shopping but I do t even go to the store I can just shop online. Love ‚ù§Ô∏è the app,5,2025-11-27,Bank of Abyssinia,Google Play,0.8885,positive
"Great App, Flow of processing through the various platforms is very easy and customer service is #1",5,2025-11-27,Bank of Abyssinia,Google Play,0.807,positive
Awesome Seriously,5,2025-11-27,Bank of Abyssinia,Google Play,0.5267,positive
2025 edit. increased a star since they have added a lot more features. One star missing because they charge a fee to wire money from the app that they don't charge online. 2010 - Good app for basic usage like finding balance of accounts. Wish it did more of actual online banking functions.,4,2025-11-27,Bank of Abyssinia,Google Play,0.7906,positive
"been using it for years. actually a solid app, built on good code. I've seldom had problems using it, and thankfully so. banking apps should be built well.",4,2025-11-27,Bank of Abyssinia,Google Play,0.8644,positive
Seems the same but it's faster.,4,2025-11-27,Bank of Abyssinia,Google Play,0.0,neutral
a little bit of a challenge. but like the online banking. thank you .,3,2025-11-27,Bank of Abyssinia,Google Play,0.7684,positive
it's easy to use,5,2025-11-27,Bank of Abyssinia,Google Play,0.4404,positive
üëç 1000%,5,2025-11-27,Bank of Abyssinia,Google Play,0.0,neutral
I appreciate the simplicity of this application. It significantly enhances the ease of online banking.,5,2025-11-27,Bank of Abyssinia,Google Play,0.6369,positive
Some functions can not be done on mobile app and require PC or web login to perform.,3,2025-11-27,Bank of Abyssinia,Google Play,0.0,neutral
"Love this App, I've used it for years now. No issues, smooth and easy. Great app",5,2025-11-27,Bank of Abyssinia,Google Play,0.875,positive
"I just love this app it really to know where my money is going also I would to open up a savings account starting next month when #,security deposit money in December other than that all for me",5,2025-11-27,Bank of Abyssinia,Google Play,0.765,positive
complicated but useful,5,2025-11-27,Bank of Abyssinia,Google Play,0.5927,positive
positive,5,2025-11-27,Bank of Abyssinia,Google Play,0.5574,positive
11/26/25- the only thing that has changed my opinion about this app or my local bank is ...they 9nly get better. I love the convenience of this app. Everything I need is at my fingertips! 11/30/22- I haven't been inside of my bank for almost 3 years. I haven't had as much as a hiccup in managing my account via this app. I totally feel safe in all my transactions.,5,2025-11-26,Bank of Abyssinia,Google Play,0.8903,positive
was not allowed to update.,1,2025-11-26,Bank of Abyssinia,Google Play,0.0,neutral
Great Bank!!,5,2025-11-26,Bank of Abyssinia,Google Play,0.6892,positive
why my account is public?,5,2025-11-26,Bank of Abyssinia,Google Play,0.0,neutral
simple,5,2025-11-26,Bank of Abyssinia,Google Play,0.0,neutral
excellent,5,2025-11-26,Bank of Abyssinia,Google Play,0.5719,positive
One of the better apps I have. pleased so far but could be better in some places. So far so good. I have a hard time using important parts of it.,4,2025-11-26,Bank of Abyssinia,Google Play,0.932,positive
"won't allow me to update my info and address for associated accounts, it shows my new information in the app but why am I still entering my old information for transactions to go thru without being declined?",4,2025-11-26,Bank of Abyssinia,Google Play,-0.0857,negative
nice easy layout. easy to navigate.,4,2025-11-26,Bank of Abyssinia,Google Play,0.8225,positive
easy to move from one function in banking to another in the app.,5,2025-11-26,Bank of Abyssinia,Google Play,0.4404,positive
"cannot find any easy way to make a recurring auto pay of Visa balance plus really hard to get a ""specialist"" to answer.",2,2025-11-26,Bank of Abyssinia,Google Play,-0.5422,negative
"Great app, interface and quite intuitive to use. I use it very regularly..",5,2025-11-26,Bank of Abyssinia,Google Play,0.6249,positive
Easy to use but i know its secure,5,2025-11-26,Bank of Abyssinia,Google Play,0.6187,positive
Easy to use!,5,2025-11-26,Bank of Abyssinia,Google Play,0.4926,positive
very easy to maneuver and to find all the information that I needed at the glance,5,2025-11-26,Bank of Abyssinia,Google Play,0.4927,positive
always excelente,5,2025-11-26,Bank of Abyssinia,Google Play,0.0,neutral
Great application.,5,2025-11-26,Bank of Abyssinia,Google Play,0.6249,positive
"ever since the recent update, the app has been constantly crashing upon startup",2,2025-11-26,Bank of Abyssinia,Google Play,0.0,neutral
Awesome bank love them!!!,5,2025-11-26,Bank of Abyssinia,Google Play,0.88,positive
"the worst app of any bank I have seen. the app crashes and when I open it I get a message the something went wrong and the next time I open it, the app works. so inconvenient and let me doubt the safety and security of the app itself. using it exposes me probably to even more threads as the app crashes by itself which can help attached for code execution. please fix this. we all want a safe, secure and working banking app. sad that there is not enough internal testing done before releasing it.",1,2025-11-26,Bank of Abyssinia,Google Play,-0.3851,negative
the man on the phone block d my d bit card because of fraud. he said he would send me the wallet. he said he would give me my new card number. he did not.,1,2025-11-26,Bank of Abyssinia,Google Play,-0.7506,negative
online chat support is really bad. Try and get ahold of a chat representative. good luck.,2,2025-11-26,Bank of Abyssinia,Google Play,0.5868,positive
very intuitive,5,2025-11-26,Bank of Abyssinia,Google Play,0.0,neutral
ok,5,2025-11-26,Bank of Abyssinia,Google Play,0.296,positive
"This app clears the user ID when switching to paste in the password. Also on 2FA it didn't allow me to enter the 6-digit code. Couldn't login even though I had user ID, password, and 2FA cide, so tried to call the bank. No one available to take my call. Had to go to the bank to get service.",1,2025-11-26,Bank of Abyssinia,Google Play,-0.3749,negative
as always The Best,5,2025-11-26,Bank of Abyssinia,Google Play,0.6369,positive
always helpful and,4,2025-11-26,Bank of Abyssinia,Google Play,0.4215,positive
"The process of scheduling a payment for a business/person is harder than before, and trying to find a previous contact/pymnt is non-existent.",4,2025-11-26,Bank of Abyssinia,Google Play,0.0,neutral
Very easy to navigate,5,2025-11-26,Bank of Abyssinia,Google Play,0.4927,positive
easy to use.,5,2025-11-26,Bank of Abyssinia,Google Play,0.4404,positive
I just love the app. It's so helpful,5,2025-11-26,Bank of Abyssinia,Google Play,0.8323,positive
very easy to use i am not real tech savvy,5,2025-11-26,Bank of Abyssinia,Google Play,0.4927,positive
Great app!! Easy-to-use. Love all the features! ! You're number 1 in my book!!,5,2025-11-26,Bank of Abyssinia,Google Play,0.8949,positive
professional and very helpful üëç,5,2025-11-26,Bank of Abyssinia,Google Play,0.4754,positive
"Compared to other banking apps, this one is extremely difficult to navigate. I am constantly confused about making payments, accessing statements, etc. Not user friendly at all.",2,2025-11-26,Bank of Abyssinia,Google Play,-0.7731,negative
Never fail!üëå,5,2025-11-26,Bank of Abyssinia,Google Play,-0.3612,negative
horrible experience with this bank. My debit card is blocked and locked monthly. This month within 30 hours. I'm stuck.....money in the bank ....debit card in hand and I cannot use my own money. I will close this account and get a local bank. A 3 hour one way trip for me to go to my nearest branch. No car no drivers license. I will never let them keep me away from my money again. BOA SUCKS!!!,1,2025-11-26,Bank of Abyssinia,Google Play,-0.7796,negative
I've been using BoA for two decades and I feel like the customer support is severely lacking if compared to some other companies. Such as reporting transaction for disputes. They won't provide support unless the transaction clears. What's the point of fraud protection if we're waiting to clear it. Do better!,2,2025-11-26,Bank of Abyssinia,Google Play,-0.1154,negative
I can't contact the people PUP LABS TO STOP FUTURE TRANSACTIONS. THERE IS NO PHONE NUMBER OR CONTACT INFORMATION.,2,2025-11-26,Bank of Abyssinia,Google Play,-0.7796,negative
THIS APP IS OKAY FOR NEEDS THAT MET BANK IS OKAY,4,2025-11-26,Bank of Abyssinia,Google Play,0.4215,positive
User friendly. Easy to navigate.,5,2025-11-26,Bank of Abyssinia,Google Play,0.7269,positive
easy to use and to do,5,2025-11-26,Bank of Abyssinia,Google Play,0.4404,positive
I like it,5,2025-11-26,Bank of Abyssinia,Google Play,0.3612,positive
Nice app,5,2025-11-26,Bank of Abyssinia,Google Play,0.4215,positive
don't like the ads,4,2025-11-26,Bank of Abyssinia,Google Play,-0.2755,negative
very nice & easy to use. bank of america mobile app make everything easier. guys try to download ur bank of america app u will be glad u did. blc their app is very reliable & works great üëç,5,2025-11-26,Bank of Abyssinia,Google Play,0.9447,positive
"Since this morning (11/25/25) and for 12 hours since, the app keeps crashing, usually not allowing me to log in and and when I can, the lag is painful and I get the ""wait or cancel"" alert. But usually I never even get to logging in. I restarted my phone, then even uninstalled the app and reinstalled it and restarted... and it keeps crashing. There is a major bug to fix. I'm on a Google Pixel 6, Android 12. Never happened for me in the last ~8 years on any Android phone or Android OS version.",1,2025-11-26,Bank of Abyssinia,Google Play,-0.3716,negative
Good,4,2025-11-26,Bank of Abyssinia,Google Play,0.4404,positive
user friendly,5,2025-11-26,Bank of Abyssinia,Google Play,0.4939,positive
It has been Awersome talking to your employee this evening thank you so much,5,2025-11-26,Bank of Abyssinia,Google Play,0.3612,positive
Now more reliable than ever.,5,2025-11-26,Bank of Abyssinia,Google Play,0.0,neutral
it's great,5,2025-11-26,Bank of Abyssinia,Google Play,0.6249,positive
"inaccurate balances , withdrawals recently not accounted for. .. ¬∞",2,2025-11-26,Bank of Abyssinia,Google Play,0.0,neutral
it's quite helpful,5,2025-11-26,Bank of Abyssinia,Google Play,0.4754,positive
i have been a customer for over 30 years. This app freezes when trying to input a name or phone number to pay with Zelle. Unreliable and Bank of America seems not to care.,1,2025-11-26,Bank of Abyssinia,Google Play,-0.4268,negative
I like the app. I've used it for over 12 years. One suggestion I'd like to see is the ability to view the password (when requested). I am not aware if this ability already exists.,4,2025-11-26,Bank of Abyssinia,Google Play,0.837,positive
like the dashboard & the new features üëå üòé,5,2025-11-26,Bank of Abyssinia,Google Play,0.8918,positive
CBE ·ã≠·àà·ã´·àç·ç¢,5,2025-11-29,Commercial Bank of Ethiopia,Google Play,0.0,neutral
it's special for me,5,2025-11-29,Commercial Bank of Ethiopia,Google Play,0.4019,positive
Make it user friendly.,2,2025-11-29,Commercial Bank of Ethiopia,Google Play,0.4939,positive
maaliif daddafee install gaafata,3,2025-11-28,Commercial Bank of Ethiopia,Google Play,0.0,neutral
good app,5,2025-11-28,Commercial Bank of Ethiopia,Google Play,0.4404,positive
This application is very important and advantage for transfer of money and finance in the coutry and foriegn country.,5,2025-11-27,Commercial Bank of Ethiopia,Google Play,0.5198,positive
why didn't work this app?,1,2025-11-27,Commercial Bank of Ethiopia,Google Play,0.0,neutral
The app makes our life easier. Thank you CBE!,5,2025-11-27,Commercial Bank of Ethiopia,Google Play,0.68,positive
this app very bad üëé,1,2025-11-27,Commercial Bank of Ethiopia,Google Play,-0.5849,negative
the most advanced app. but how to stay safe?,5,2025-11-27,Commercial Bank of Ethiopia,Google Play,0.6701,positive
Good application,4,2025-11-27,Commercial Bank of Ethiopia,Google Play,0.4404,positive
It is nice app,5,2025-11-26,Commercial Bank of Ethiopia,Google Play,0.4215,positive
best,5,2025-11-25,Commercial Bank of Ethiopia,Google Play,0.6369,positive
good app,5,2025-11-25,Commercial Bank of Ethiopia,Google Play,0.4404,positive
"it suddenly asked me to enter the verification key I received. and it (*get your verification key from the nearest CBE Branch*) Now I'm in Australia, what do you expect me to do???! There is no nearest or furthermost cbe Branch!! SO FRUSTRATING! How can I manage my bank account now????",1,2025-11-25,Commercial Bank of Ethiopia,Google Play,-0.8979,negative
nice app...,5,2025-11-25,Commercial Bank of Ethiopia,Google Play,0.4215,positive
very good banking service and fast service,5,2025-11-24,Commercial Bank of Ethiopia,Google Play,0.4927,positive
thanks blc this app help me to use all time,5,2025-11-24,Commercial Bank of Ethiopia,Google Play,0.6808,positive
good,5,2025-11-24,Commercial Bank of Ethiopia,Google Play,0.4404,positive
why we can't send money to other people telebirr wallets??,1,2025-11-24,Commercial Bank of Ethiopia,Google Play,0.0,neutral
·ä†·â≥·çç·à©·àù ·åç·äï ·àà15 birr 11.50 ·â•·à≠ ·àµ·âµ·âÜ·à≠·å° ·ã≠·àµ·â∞·ä´·ä®·àç·àç·äï,1,2025-11-23,Commercial Bank of Ethiopia,Google Play,0.0,neutral
·â†·å£·àù ·âÄ·àã·àç·äì ·àù·âπ ·äê·ãç·ç¢,5,2025-11-23,Commercial Bank of Ethiopia,Google Play,0.0,neutral
wow,5,2025-11-23,Commercial Bank of Ethiopia,Google Play,0.5859,positive
good,5,2025-11-23,Commercial Bank of Ethiopia,Google Play,0.4404,positive
nice,5,2025-11-22,Commercial Bank of Ethiopia,Google Play,0.4215,positive
you are the reason why i got ye chogara himem,1,2025-11-22,Commercial Bank of Ethiopia,Google Play,0.0,neutral
it is so smart app i recommend it for everyone,5,2025-11-22,Commercial Bank of Ethiopia,Google Play,0.7177,positive
excellent,5,2025-11-22,Commercial Bank of Ethiopia,Google Play,0.5719,positive
good,5,2025-11-21,Commercial Bank of Ethiopia,Google Play,0.4404,positive
·ã≥·åä,5,2025-11-21,Commercial Bank of Ethiopia,Google Play,0.0,neutral
absolutely right,5,2025-11-21,Commercial Bank of Ethiopia,Google Play,0.0,neutral
good app,5,2025-11-21,Commercial Bank of Ethiopia,Google Play,0.4404,positive
mid application it's so annoying,3,2025-11-20,Commercial Bank of Ethiopia,Google Play,-0.541,negative
I used morethan one year,4,2025-11-20,Commercial Bank of Ethiopia,Google Play,0.0,neutral
no word can explane about this app it is nice üëçüëçüëçüëçüëç,5,2025-11-20,Commercial Bank of Ethiopia,Google Play,0.1531,positive
"It's great app,I love this app",5,2025-11-20,Commercial Bank of Ethiopia,Google Play,0.8519,positive
Nice,5,2025-11-19,Commercial Bank of Ethiopia,Google Play,0.4215,positive
suckkkks,1,2025-11-19,Commercial Bank of Ethiopia,Google Play,0.0,neutral
not allowing to transfer and showing current statement updates.,1,2025-11-19,Commercial Bank of Ethiopia,Google Play,0.0,neutral
I love you this app,5,2025-11-19,Commercial Bank of Ethiopia,Google Play,0.6369,positive
"fast and convenient app, thanks for your dedication as a bank to provide good options to your cuatomers.",1,2025-11-19,Commercial Bank of Ethiopia,Google Play,0.7003,positive
make life easy,5,2025-11-19,Commercial Bank of Ethiopia,Google Play,0.4404,positive
securr,5,2025-11-19,Commercial Bank of Ethiopia,Google Play,0.0,neutral
My most optional bank,5,2025-11-17,Commercial Bank of Ethiopia,Google Play,0.0,neutral
5 star,5,2025-11-17,Commercial Bank of Ethiopia,Google Play,0.0,neutral
it is fantastic app.,5,2025-11-16,Commercial Bank of Ethiopia,Google Play,0.5574,positive
excellent,5,2025-11-16,Commercial Bank of Ethiopia,Google Play,0.5719,positive
sifen,5,2025-11-16,Commercial Bank of Ethiopia,Google Play,0.0,neutral
i like this‚àö,4,2025-11-16,Commercial Bank of Ethiopia,Google Play,0.3612,positive
Ok,3,2025-11-16,Commercial Bank of Ethiopia,Google Play,0.296,positive
·å•·à© App ·äê·ãâ ·ç¢ ·ã®·äî ·ã®·åç·àç ·ä†·àµ·â∞·ã´·ã®·âµ- Update ·ãà·ã≠·äï·àù cache cleaning app ·à≤·ã∞·à®·åç ·àà·àù·äï·ãµ·äê·ãâ ·ã∞·åç·àò·äï login ·àµ·äì·ã∞·à≠·åç Restricted ·àö·ã´·ã∞·à≠·åà·ãâ ·â¢·àµ·â∞·ä´·ä®·àç ·ä•·äï·ã∞ ·àÄ·à≥·â• ·å•·à© ·äê·ãâ·ç¢ ·â†·ãõ·àã·ã≠ ·ãµ·åã·àö ·ä†·ä≠·â≤·â¨·âµ ·àà·àõ·àµ·ã∞·à®·åç ·ä®·çç·àà·äï ..,5,2025-11-15,Commercial Bank of Ethiopia,Google Play,-0.3818,negative
"Seriously, what‚Äôs going on with this app? The ""Pay to Beneficiary"" option is completely disabled for Android users, yet iOS users get full access without restrictions. Why are Android users being treated like second class customers? It‚Äôs the same app, the same service, but clearly not the same experience. This kind of platform bias is unacceptable, either give everyone the same features or be transparent about why you‚Äôre limiting functionality. Right now, it just feels unfair and frustrating.",1,2025-11-15,Commercial Bank of Ethiopia,Google Play,-0.8466,negative
Like,5,2025-11-13,Commercial Bank of Ethiopia,Google Play,0.3612,positive
Nice and very useful app i like it!,5,2025-11-13,Commercial Bank of Ethiopia,Google Play,0.831,positive
good,5,2025-11-13,Commercial Bank of Ethiopia,Google Play,0.4404,positive
Good,5,2025-11-13,Commercial Bank of Ethiopia,Google Play,0.4404,positive
smart app,4,2025-11-12,Commercial Bank of Ethiopia,Google Play,0.4019,positive
good App,5,2025-11-12,Commercial Bank of Ethiopia,Google Play,0.4404,positive
sync problem may 22 2025 but the date stack on may 8 2025 help pls,5,2025-11-12,Commercial Bank of Ethiopia,Google Play,0.4854,positive
ok,5,2025-11-11,Commercial Bank of Ethiopia,Google Play,0.296,positive
cbe is my choice,4,2025-11-11,Commercial Bank of Ethiopia,Google Play,0.0,neutral
Awesome,5,2025-11-11,Commercial Bank of Ethiopia,Google Play,0.6249,positive
I am not able to transfer. The app is not responding,1,2025-11-11,Commercial Bank of Ethiopia,Google Play,0.0,neutral
Very convenient App,5,2025-11-11,Commercial Bank of Ethiopia,Google Play,0.0,neutral
excellent but sometimes can not connect,5,2025-11-10,Commercial Bank of Ethiopia,Google Play,0.3291,positive
good app,5,2025-11-10,Commercial Bank of Ethiopia,Google Play,0.4404,positive
wow apk,5,2025-11-10,Commercial Bank of Ethiopia,Google Play,0.5859,positive
best 100 %,5,2025-11-10,Commercial Bank of Ethiopia,Google Play,0.6369,positive
bad app,1,2025-11-10,Commercial Bank of Ethiopia,Google Play,-0.5423,negative
best app,5,2025-11-10,Commercial Bank of Ethiopia,Google Play,0.6369,positive
wow,5,2025-11-10,Commercial Bank of Ethiopia,Google Play,0.5859,positive
nice app,5,2025-11-10,Commercial Bank of Ethiopia,Google Play,0.4215,positive
bad app,4,2025-11-10,Commercial Bank of Ethiopia,Google Play,-0.5423,negative
the app constantly glitches and won't stop loading despite having a decent connection and a cleared cache. telebirr is way better,1,2025-11-10,Commercial Bank of Ethiopia,Google Play,0.6355,positive
I can't access it properly I think it needs update,1,2025-11-10,Commercial Bank of Ethiopia,Google Play,0.0,neutral
üëåüëå,5,2025-11-10,Commercial Bank of Ethiopia,Google Play,0.9055,positive
best üëå,5,2025-11-10,Commercial Bank of Ethiopia,Google Play,0.8842,positive
good,4,2025-11-10,Commercial Bank of Ethiopia,Google Play,0.4404,positive
not Refresh,2,2025-11-10,Commercial Bank of Ethiopia,Google Play,0.0,neutral
your statement is not used as wanted,1,2025-11-10,Commercial Bank of Ethiopia,Google Play,0.0,neutral
good very good,5,2025-11-09,Commercial Bank of Ethiopia,Google Play,0.7264,positive
this is absolute trash why because it's not Woking most time the servers are down even though I'm using 4g data Internet they steal not working they use to work with out even data package now it's trash can't even send money,1,2025-11-09,Commercial Bank of Ethiopia,Google Play,-0.4939,negative
good app,5,2025-11-08,Commercial Bank of Ethiopia,Google Play,0.4404,positive
Bayeee galatooma kana caalati nu gammachisa üåèü§åüèªüí¥üí∏ü•∞üëåüèªüôèüèª,5,2025-11-08,Commercial Bank of Ethiopia,Google Play,0.9251,positive
Good !,5,2025-11-08,Commercial Bank of Ethiopia,Google Play,0.4926,positive
i like it,5,2025-11-08,Commercial Bank of Ethiopia,Google Play,0.3612,positive
Very nice app,5,2025-11-08,Commercial Bank of Ethiopia,Google Play,0.4754,positive
the app is not functional this week.,4,2025-11-08,Commercial Bank of Ethiopia,Google Play,0.0,neutral
good,5,2025-11-07,Commercial Bank of Ethiopia,Google Play,0.4404,positive
very updated bank,5,2025-11-06,Commercial Bank of Ethiopia,Google Play,0.0,neutral
tankyu,5,2025-11-05,Commercial Bank of Ethiopia,Google Play,0.0,neutral
nice,5,2025-11-05,Commercial Bank of Ethiopia,Google Play,0.4215,positive
Numbers 2 and 3 don't write during pin verification.,5,2025-11-05,Commercial Bank of Ethiopia,Google Play,0.0,neutral
"once it is uninstalled, you need to visit a nearby bank. you go there and they ask you to have a new sim card which hasn't been used before. so you should buy a new sim card and you go back to them with a new sim card, when you reach there service provider says authentication pin is not arrive, the system is not working come back tomorrow.",1,2025-11-05,Commercial Bank of Ethiopia,Google Play,0.0258,neutral
loved it,5,2025-11-05,Commercial Bank of Ethiopia,Google Play,0.5994,positive
Ok,1,2025-11-05,Commercial Bank of Ethiopia,Google Play,0.296,positive
this app is not working on my phone,5,2025-11-03,Commercial Bank of Ethiopia,Google Play,0.0,neutral
CBE needs to show transaction fees before the transaction is confirmed and not after. This is a big issue as fees are no longer insignificant.,3,2025-11-03,Commercial Bank of Ethiopia,Google Play,-0.0423,neutral
"After the recent updates, I am unable to download a receipt. I can't see the names of account holders I've previously transacted with. Very important. Please fix it asap.",1,2025-11-03,Commercial Bank of Ethiopia,Google Play,0.5678,positive
nice,5,2025-11-02,Commercial Bank of Ethiopia,Google Play,0.4215,positive
wow üòòüòòüòò,4,2025-11-02,Commercial Bank of Ethiopia,Google Play,0.9042,positive
mobile banking broblem,5,2025-11-01,Commercial Bank of Ethiopia,Google Play,0.0,neutral
good job,5,2025-11-01,Commercial Bank of Ethiopia,Google Play,0.4404,positive
good,3,2025-11-01,Commercial Bank of Ethiopia,Google Play,0.4404,positive
it is a good and clear apps to use,4,2025-10-31,Commercial Bank of Ethiopia,Google Play,0.6705,positive
·àà·àù·äï·ãµ·äï ·äê·ãç ·ä®·äï·åç·ãµ ·â£·äï·ä≠ ·ãà·ã∞ ·â¥·àå·â•·à≠ 5 ·â•·à≠ ·à≤·â∞·àã·àà·çç 11 ·â•·à≠ ·ä•·äï·ã≤·âÜ·à≠·å• ·ã´·ã∞·à®·åã·âΩ·àÅ·âµ,1,2025-10-31,Commercial Bank of Ethiopia,Google Play,0.0,neutral
I love this app b/c every option in the app very clear and supportive.,5,2025-10-30,Commercial Bank of Ethiopia,Google Play,0.861,positive
niiceh,5,2025-10-29,Commercial Bank of Ethiopia,Google Play,0.0,neutral
the app is good but their is no dark mode you have to add it,3,2025-10-29,Commercial Bank of Ethiopia,Google Play,-0.2144,negative
ü§Æ,1,2025-10-29,Commercial Bank of Ethiopia,Google Play,0.0,neutral
abdulakim abrahim elemoo,5,2025-10-29,Commercial Bank of Ethiopia,Google Play,0.0,neutral
good app,5,2025-10-28,Commercial Bank of Ethiopia,Google Play,0.4404,positive
strong,5,2025-10-28,Commercial Bank of Ethiopia,Google Play,0.5106,positive
good,5,2025-10-28,Commercial Bank of Ethiopia,Google Play,0.4404,positive
best,5,2025-10-28,Commercial Bank of Ethiopia,Google Play,0.6369,positive
Abebaw Zenebe,5,2025-10-28,Commercial Bank of Ethiopia,Google Play,0.0,neutral
good I love it keep it up but if we had a new update that will be fire Soo good,5,2025-10-27,Commercial Bank of Ethiopia,Google Play,0.6486,positive
good,5,2025-10-27,Commercial Bank of Ethiopia,Google Play,0.4404,positive
Cbe,5,2025-10-27,Commercial Bank of Ethiopia,Google Play,0.0,neutral
Active and granted system,5,2025-10-27,Commercial Bank of Ethiopia,Google Play,0.5719,positive
fast app,4,2025-10-27,Commercial Bank of Ethiopia,Google Play,0.0,neutral
cool üòé,5,2025-10-27,Commercial Bank of Ethiopia,Google Play,0.6486,positive
Galaxy A10s,3,2025-10-26,Commercial Bank of Ethiopia,Google Play,0.0,neutral
the best apps,5,2025-10-26,Commercial Bank of Ethiopia,Google Play,0.6369,positive
arif app new,5,2025-10-26,Commercial Bank of Ethiopia,Google Play,0.0,neutral
laga Bari biranch,5,2025-10-26,Commercial Bank of Ethiopia,Google Play,0.0,neutral
·äê·äê·à†·äê·à†·à†·äê·à†·à†·à†·à†·äê·ã®·äê,5,2025-10-26,Commercial Bank of Ethiopia,Google Play,0.0,neutral
I would like to suggest you improve the time out as it takes the money and doesn't return it back until the next day.,3,2025-10-25,Commercial Bank of Ethiopia,Google Play,0.6597,positive
Attractive,5,2025-10-25,Commercial Bank of Ethiopia,Google Play,0.4404,positive
mite,5,2025-10-24,Commercial Bank of Ethiopia,Google Play,0.0,neutral
useful,5,2025-10-24,Commercial Bank of Ethiopia,Google Play,0.4404,positive
nice,4,2025-10-23,Commercial Bank of Ethiopia,Google Play,0.4215,positive
"not good, not bad!",3,2025-10-23,Commercial Bank of Ethiopia,Google Play,-0.6208,negative
very good,5,2025-10-23,Commercial Bank of Ethiopia,Google Play,0.4927,positive
·ä•·åÖ·åç ·â†·å£·àù ·ä†·àµ·âÄ·ã´·àö ·å†·âÅ·ä†·àù ·ãò·à®·çã ·â†·àö·â£·àç ·ã∞·à≠·åÉ ·ã® ·ä†·åà·àç·åç·àé·âµ ·ã®·àö·âÄ·â†·àç ·ã´·àç·à∞·à´·â†·âµ·äï ·ã®·åà·ãõ ·åà·äï·ãù·â†·â£·âΩ·äï·äï ·â∞·ãò·à®·çç·äï ·ä® 100·â•·à≠ 10·â•·à≠ ·ã®·ä†·åà·àç·åç·àé·âµ ·àõ·àµ·ä®·çà·àç ·àù·äï ·àõ·àà·âµ ·äê·ãç ·ä•·â£·ä´·âΩ·àÅ ·ä•·ã©·âµ ·ä•·àµ·âµ·ã≠ ·ä® ·àû·â£·ã≠·àç ·â£·äï·ä≠ ·ãà·ã∞ ampsa ·ä†·àµ·â∞·àã·àç·çâ·äì ·ä•·ã©·âµ ·â†·å£·àù ·ã≠·åà·à≠·àõ·àç ·àå·â£ ·â•·ã´·â∏·ãã·àç·àÅ,1,2025-10-22,Commercial Bank of Ethiopia,Google Play,0.0,neutral
good job,5,2025-10-22,Commercial Bank of Ethiopia,Google Play,0.4404,positive
imp,5,2025-10-22,Commercial Bank of Ethiopia,Google Play,0.0,neutral
super fast app,5,2025-10-21,Commercial Bank of Ethiopia,Google Play,0.5994,positive
good app,4,2025-10-20,Commercial Bank of Ethiopia,Google Play,0.4404,positive
useful,5,2025-10-20,Commercial Bank of Ethiopia,Google Play,0.4404,positive
"The app has a nice design and useful features like balance check and transfers, but it‚Äôs unstable and often fails to connect. It also forces users to turn off Developer Options, which is unnecessary ‚Äî other banking apps work fine without that. Many people use Developer Mode for normal reasons. Please fix performance issues, remove this restriction, and add biometric login for better security and convenience",2,2025-10-19,Commercial Bank of Ethiopia,Google Play,0.6896,positive
cbe,4,2025-10-18,Commercial Bank of Ethiopia,Google Play,0.0,neutral
"it says ""ti is work any more in your device"" what can i do??",1,2025-10-18,Commercial Bank of Ethiopia,Google Play,0.0,neutral
blah blah blah,5,2025-10-18,Commercial Bank of Ethiopia,Google Play,-0.296,negative
good,5,2025-10-17,Commercial Bank of Ethiopia,Google Play,0.4404,positive
bad ·åç·ã¥·â≥ ·àò·àÜ·äï·àÅ,1,2025-10-17,Commercial Bank of Ethiopia,Google Play,-0.5423,negative
best,5,2025-10-17,Commercial Bank of Ethiopia,Google Play,0.6369,positive
CBE no.1,5,2025-10-17,Commercial Bank of Ethiopia,Google Play,0.0,neutral
good,5,2025-10-16,Commercial Bank of Ethiopia,Google Play,0.4404,positive
"it's not work correctly when it's needed sometimes, but it works sometimes though",2,2025-10-16,Commercial Bank of Ethiopia,Google Play,0.0,neutral
its easy to use and more secured than the previous one. i love it and appreciate commercial bank of ethiopia for every time update.,5,2025-10-16,Commercial Bank of Ethiopia,Google Play,0.9152,positive
gooof,5,2025-10-16,Commercial Bank of Ethiopia,Google Play,0.0,neutral
"Suddenly the cbe application I was using stopped working and called callcenter, I was told it's because it expired and I should vist any branch to fix it. So I went to CBE Silassie branch.After filling a form they gave me, I sat down and waited until they finish fixing 2 customer's case who arrived before me. But then when it was my turn ppl who came after me with same mobile banking and even Atm card cases were finishing up and leaving I had to get back to my work so I left.with no service.why?",1,2025-10-16,Commercial Bank of Ethiopia,Google Play,-0.564,negative
Best app,5,2025-10-16,Commercial Bank of Ethiopia,Google Play,0.6369,positive
best,5,2025-10-15,Commercial Bank of Ethiopia,Google Play,0.6369,positive
still not perfect like before,1,2025-10-15,Commercial Bank of Ethiopia,Google Play,-0.6259,negative
This app dash board is disturbing me. it is not showing me traxation and my balance while displaying others option on dashboard. I think it is a risk full appüò≠üò≠üò≠ü§§ü§§,1,2025-10-15,Commercial Bank of Ethiopia,Google Play,-0.9287,negative
APPLIED,1,2025-10-14,Commercial Bank of Ethiopia,Google Play,0.0,neutral
10 years ago,4,2025-10-14,Commercial Bank of Ethiopia,Google Play,0.0,neutral
Asefa Obsa,5,2025-10-14,Commercial Bank of Ethiopia,Google Play,0.0,neutral
best app,4,2025-10-14,Commercial Bank of Ethiopia,Google Play,0.6369,positive
it's good app,5,2025-10-14,Commercial Bank of Ethiopia,Google Play,0.4404,positive
very slow,1,2025-10-14,Commercial Bank of Ethiopia,Google Play,0.0,neutral
berhan deriba wami,4,2025-10-14,Commercial Bank of Ethiopia,Google Play,0.0,neutral
good,5,2025-10-13,Commercial Bank of Ethiopia,Google Play,0.4404,positive
mahamad Usman,5,2025-10-13,Commercial Bank of Ethiopia,Google Play,0.0,neutral
Erako,5,2025-10-13,Commercial Bank of Ethiopia,Google Play,0.0,neutral
üî•üî•üî•üî•üî•,5,2025-10-13,Commercial Bank of Ethiopia,Google Play,-0.875,negative
opne,5,2025-10-13,Commercial Bank of Ethiopia,Google Play,0.0,neutral
mehommd nuri,5,2025-10-13,Commercial Bank of Ethiopia,Google Play,0.0,neutral
Best,5,2025-10-12,Commercial Bank of Ethiopia,Google Play,0.6369,positive
good,5,2025-10-12,Commercial Bank of Ethiopia,Google Play,0.4404,positive
providing very secure service.,5,2025-10-12,Commercial Bank of Ethiopia,Google Play,0.4005,positive
apk ·ä†·à™·çç ·äê·ãç ·åç·äï ·â†·å£·àù apkwun ·ã®·àö·ä®·çç·â± ·ã® ·â£·äï·ä≠ ·à∞·à´·â∞·äû·âΩ ·â†·å£·àù ·ã∞·ä´·àõ ·äì·â∏·ãç ·à≤·ã´·àµ·â∞·äì·åç·ã± ·àà ·ã∞·äï·â†·äõ ·ä≠·â•·à≠ ·ã®·àã·â∏·ãç·àù ·ä•·äî ·àò·àò·àã·àà·àµ ·ä®·åÄ·àò·à≠·ä© ·âÜ·ã®·ãç ·åç·äï ·àò·çç·âµ·àÖ ·àã·åà·äù ·ä†·àç·âΩ·àç·ä©·àù ::,1,2025-10-12,Commercial Bank of Ethiopia,Google Play,0.0,neutral
·ã≥·à≠ ·äë·àÆ ·àã·àà·ãç ·ä£·çç·à™·âª·äï ·ãç,5,2025-10-12,Commercial Bank of Ethiopia,Google Play,0.0,neutral
RIYAD Mohammed Abaoli 92 527 2567,5,2025-10-12,Commercial Bank of Ethiopia,Google Play,0.0,neutral
it doesn't show bank statement and no options to see transactions for the past months.,2,2025-10-12,Commercial Bank of Ethiopia,Google Play,-0.296,negative
Mamma Husen,2,2025-10-11,Commercial Bank of Ethiopia,Google Play,0.0,neutral
ok,5,2025-10-11,Commercial Bank of Ethiopia,Google Play,0.296,positive
3 stars because I can't see all my transaction history apart from the recents and a refresh button has been removed from the Recents activity. The app should allow clients to view all of the transactions not just recents.,3,2025-10-11,Commercial Bank of Ethiopia,Google Play,0.2263,positive
good,5,2025-10-10,Commercial Bank of Ethiopia,Google Play,0.4404,positive
exceptional application from others bank,5,2025-10-10,Commercial Bank of Ethiopia,Google Play,0.0,neutral
"it is very nice. but i have a serious suggestion when you send to other cbe birr customer, it does not show the name of the recipient befor it actually send the money. please improve this",4,2025-10-10,Commercial Bank of Ethiopia,Google Play,0.8124,positive
goodüëçüëçüëçüòäüòäüòä,5,2025-10-10,Commercial Bank of Ethiopia,Google Play,0.9633,positive
really good app,5,2025-10-10,Commercial Bank of Ethiopia,Google Play,0.4927,positive
smart bank CBE,5,2025-10-10,Commercial Bank of Ethiopia,Google Play,0.4019,positive
Ali urgesa11,3,2025-10-09,Commercial Bank of Ethiopia,Google Play,0.0,neutral
it's good,5,2025-10-09,Commercial Bank of Ethiopia,Google Play,0.4404,positive
Good apps,5,2025-10-09,Commercial Bank of Ethiopia,Google Play,0.4404,positive
good,5,2025-10-09,Commercial Bank of Ethiopia,Google Play,0.4404,positive
password ·â†·å£·âµ ·ä†·àª·à´ ·â¢·äñ·à®·ãç ·àò·àç·ä´·àù ·äê·â†·à≠,4,2025-10-09,Commercial Bank of Ethiopia,Google Play,0.0,neutral
best app i ever seen,5,2025-10-09,Commercial Bank of Ethiopia,Google Play,0.6369,positive
it's game changing in financial system,4,2025-10-09,Commercial Bank of Ethiopia,Google Play,0.0,neutral
"z,MKT 20_._!8+‚Öì‚Öïüòòr",1,2025-10-09,Commercial Bank of Ethiopia,Google Play,0.0,neutral
will good updating,5,2025-10-09,Commercial Bank of Ethiopia,Google Play,0.4404,positive
"service charge , vat, fee everything here is not yours they wanna take what you have, everything is not fair",1,2025-10-08,Commercial Bank of Ethiopia,Google Play,-0.2411,negative
very smart App easy to use and friendly,5,2025-11-29,Dashen Bank,Google Play,0.854,positive
Very exemplery App to other Bank Aps !,5,2025-11-29,Dashen Bank,Google Play,0.0,neutral
good,5,2025-11-29,Dashen Bank,Google Play,0.4404,positive
It Is An Amazing app,4,2025-11-28,Dashen Bank,Google Play,0.5859,positive
"its fast and easy to communicate to the app and its available all area keep it up.i will make Happy for this application thank you dashen bank for your effort,commitment and dedication. i appricated your work.",5,2025-11-26,Dashen Bank,Google Play,0.8442,positive
What do you care about my phone's settings? Who are you to tell me what to turn off and on? It is my phone after all. This *develoler option* thing will cost you a lot of users who are willing to leave the bank once and for all. Turn this thing off. 6 you fear this is a security issue fix your side not mine.,1,2025-11-25,Dashen Bank,Google Play,0.3736,positive
Exceptional Product.,5,2025-11-23,Dashen Bank,Google Play,0.0,neutral
very easy app,3,2025-11-23,Dashen Bank,Google Play,0.4927,positive
"The Dashen Super App is very impressive. It is fast, easy to use, and provides smooth access to all essential banking services. Money transfer, bill payment, balance check, and other features work efficiently without issues. The design is clean and user-friendly. Great step forward in digital banking ‚Äî keep up the good work, Dashen Bank!..",5,2025-11-19,Dashen Bank,Google Play,0.9722,positive
·â†·å£·àù ·çà·å£·äï ·à•·âπ ·ä†·àµ·â∞·àõ·àõ·äù ·ãà·ãµ·åÉ·ãã·àà·ãç,5,2025-11-18,Dashen Bank,Google Play,0.0,neutral
bill payment options are limited in this app please add ethio telecom bill electric bill etc.. instead of adding nonsense in banking app,1,2025-11-18,Dashen Bank,Google Play,-0.3182,negative
"it's a really slow app, I'm not sure what the issue is. Even other bank transfers are not working",2,2025-11-18,Dashen Bank,Google Play,-0.2411,negative
always updating bad stability,1,2025-11-17,Dashen Bank,Google Play,-0.5423,negative
"it say's disable developer option, i disabled it but its not working still",1,2025-11-17,Dashen Bank,Google Play,0.0,neutral
with the super app evry thing i need is just a tap away,5,2025-11-17,Dashen Bank,Google Play,0.5994,positive
nice,5,2025-11-16,Dashen Bank,Google Play,0.4215,positive
eyita tips,1,2025-11-15,Dashen Bank,Google Play,0.0,neutral
clear and presize,5,2025-11-15,Dashen Bank,Google Play,0.3818,positive
smooth and easy!!!,5,2025-11-14,Dashen Bank,Google Play,0.5826,positive
I have had an amazing experience with this app;ot os convenient and easy to use,5,2025-11-14,Dashen Bank,Google Play,0.7717,positive
"All in One Super App with smooth navigation, transaction and lifestyle services",5,2025-11-14,Dashen Bank,Google Play,0.5994,positive
Very nice App.,5,2025-11-14,Dashen Bank,Google Play,0.4754,positive
system failure transfer to others account,2,2025-11-13,Dashen Bank,Google Play,-0.5106,negative
thank you,1,2025-11-13,Dashen Bank,Google Play,0.3612,positive
"Only the UI/UX is good, but it doesn't function properly. It's a shame that a leading tech bank has such an app. Amole is far better.",1,2025-11-13,Dashen Bank,Google Play,0.1655,positive
"excellent app. to use perfectlly to pay,transfer,tele airtime and so on.",5,2025-11-12,Dashen Bank,Google Play,0.5719,positive
wow dashen bank super app,5,2025-11-12,Dashen Bank,Google Play,0.8271,positive
"This so-called ‚ÄúSuper App‚Äù is a complete disappointment. It‚Äôs confusing, slow, and full of glitches honestly, it feels like it was designed to test people‚Äôs patience, not to help them bank. Calling it ‚Äúsuper‚Äù is a joke; it‚Äôs one of the most useless apps I‚Äôve ever used.",1,2025-11-11,Dashen Bank,Google Play,-0.4312,negative
Best Mobile Banking App in Ethiopia .,5,2025-11-11,Dashen Bank,Google Play,0.6369,positive
very nice app I have ever seen,5,2025-11-10,Dashen Bank,Google Play,0.4754,positive
NASTY BANK . EVEN THE SUPPER APP IS NOT WORKING WELL. WHEN I AM CALLING THEM THEY ARE NOT RESPONSE . PLEASE DON'T USE THIS APP BECAUSE YOU WILL LOSS YOU TIME ;ENERGY AND EVERYTHING . HOPELESS Bank .,1,2025-11-10,Dashen Bank,Google Play,-0.9205,negative
it's good but is not fast,5,2025-11-09,Dashen Bank,Google Play,0.2382,positive
your financial system must improved,4,2025-11-09,Dashen Bank,Google Play,0.4767,positive
your service is too good,5,2025-11-09,Dashen Bank,Google Play,0.4404,positive
good experience,5,2025-11-09,Dashen Bank,Google Play,0.4404,positive
ok,5,2025-11-08,Dashen Bank,Google Play,0.296,positive
"Amazing app, üëè",5,2025-11-07,Dashen Bank,Google Play,0.5859,positive
wooow,5,2025-11-07,Dashen Bank,Google Play,0.0,neutral
ok,5,2025-11-07,Dashen Bank,Google Play,0.296,positive
Nice app,5,2025-11-07,Dashen Bank,Google Play,0.4215,positive
best,5,2025-11-07,Dashen Bank,Google Play,0.6369,positive
"easy to use, friendly",5,2025-11-06,Dashen Bank,Google Play,0.7269,positive
"12yr more LC, UCP & ICC & loan",5,2025-11-06,Dashen Bank,Google Play,0.0,neutral
"not attractive and friendly app. Check Awash, CBE apps",1,2025-11-06,Dashen Bank,Google Play,-0.6167,negative
amzing,5,2025-11-06,Dashen Bank,Google Play,0.0,neutral
"The Dashen Super App is very impressive. It is fast, easy to use, and provides smooth access to all essential banking services. Money transfer, bill payment, balance check, and other features work efficiently without issues. The design is clean and user-friendly. Great step forward in digital banking ‚Äî keep up the good work, Dashen Bank!",5,2025-11-05,Dashen Bank,Google Play,0.9722,positive
betam kerfafa naw,1,2025-11-05,Dashen Bank,Google Play,0.0,neutral
exceptional,5,2025-11-05,Dashen Bank,Google Play,0.0,neutral
worst app ever,1,2025-11-05,Dashen Bank,Google Play,-0.6249,negative
"Dashen, always two step ahead.",5,2025-11-05,Dashen Bank,Google Play,0.0,neutral
"Please try to fix the barrier between other banks specially with ""Commercial bank of Ethiopia""",3,2025-11-05,Dashen Bank,Google Play,0.2023,positive
üëç,5,2025-11-05,Dashen Bank,Google Play,0.0,neutral
i am using,5,2025-11-05,Dashen Bank,Google Play,0.0,neutral
It is a wonderful App developed by a local talent. It deserves an appreciation. It will continue to evolve with new exciting features.,5,2025-11-05,Dashen Bank,Google Play,0.9186,positive
wonderful app,5,2025-11-05,Dashen Bank,Google Play,0.5719,positive
"i love the app it features are perfect, but it asks to update too many times to activate your need to visit a nearest branch and that takes time. other than that the app is great I like it",5,2025-11-05,Dashen Bank,Google Play,0.9306,positive
go ahead,5,2025-11-05,Dashen Bank,Google Play,0.0,neutral
its supper,5,2025-11-04,Dashen Bank,Google Play,0.0,neutral
Good,5,2025-11-04,Dashen Bank,Google Play,0.4404,positive
it's so boring,1,2025-11-04,Dashen Bank,Google Play,-0.3804,negative
Dashen Bank Super App is the latest version of online banking system that is the gift from Dashen bank for us Thanks to Dashen,5,2025-11-04,Dashen Bank,Google Play,0.8658,positive
"i rarely leave reviews, but this app truely deserves one.it's efficient ,secure , reliable and makes fanancial tasks effortless.definitely 5 stars for this exceptional app",5,2025-11-04,Dashen Bank,Google Play,0.7829,positive
it has improved very much lately its working more and getting better but yet it is not fully fixed some time at night it doesn't work..i think the problem is it was launched too early.,3,2025-11-04,Dashen Bank,Google Play,0.0854,positive
Amazing,5,2025-11-03,Dashen Bank,Google Play,0.5859,positive
wow dashen bank,5,2025-11-03,Dashen Bank,Google Play,0.5859,positive
·â•·ãô ·äê·åâ·à≠ ·ã≠·âÄ·à®·ãã·àç ·ãà·ã∞ ·ä†·çë ·àµ·åà·â£ ·â†·å£·àù ·ã≠·ãò·åà·ã´·àç ·â£·å≠·à© ·âÄ·à≠·çã·çã ·äê·ãç,4,2025-11-02,Dashen Bank,Google Play,0.0,neutral
"I just updated my app to the latest version and I couldn't even see my balance, send money or do anything. It says service is unavailable and it will be fixed soon.",5,2025-11-01,Dashen Bank,Google Play,0.0,neutral
it's too slow,1,2025-11-01,Dashen Bank,Google Play,0.0,neutral
"Before the recent update, this app was great. Now, the home page is cluttered with promotions and banners, which really hurts the experience. I think the app stopped being banking app and started only to promote b/c 95% of the app is only ads, also full of bugs",1,2025-11-01,Dashen Bank,Google Play,0.3415,positive
"This might be the worst banking app I've ever used I dont know why kind of bug it is but suddenly the apps stops working it says ""Temporarily unavailable"" for a simple feature like viewing account balance and in person visit was no help it took them longer than 2 hours to fix it and even after that 2 weeks later the same problem just because of this I'm going to stop using the bank altogether which is a shame because it's a decent bank",1,2025-11-01,Dashen Bank,Google Play,-0.9272,negative
Nice app,5,2025-11-01,Dashen Bank,Google Play,0.4215,positive
The worst app ever. Extremely unreliable. Such a shame for a big bank.,1,2025-10-31,Dashen Bank,Google Play,-0.802,negative
app is too slow not opening fast,1,2025-10-31,Dashen Bank,Google Play,0.0,neutral
good,5,2025-10-30,Dashen Bank,Google Play,0.4404,positive
"it's seems to have some improvements, I don't know what's going on with this app sometimes get collapseed. This is not expected from Dashen bank, which is amongst from famous and greatest banks.",1,2025-10-30,Dashen Bank,Google Play,0.7579,positive
very nise good,5,2025-10-30,Dashen Bank,Google Play,0.4902,positive
very interesting,5,2025-10-30,Dashen Bank,Google Play,0.4576,positive
what your emplyees tell as about the app when they came to our store and what actually the app is different,1,2025-10-30,Dashen Bank,Google Play,0.0,neutral
Excellent promotion,5,2025-10-30,Dashen Bank,Google Play,0.5719,positive
viry good,5,2025-10-29,Dashen Bank,Google Play,0.4404,positive
"Dashen Bank Super App is incredibly convenient! Easy to use, fast, and reliable ‚Äì a great app to manage everything in one place.",5,2025-10-29,Dashen Bank,Google Play,0.9094,positive
it is the worst app ever istg ü§Æü§Æü§Æ,1,2025-10-29,Dashen Bank,Google Play,-0.6249,negative
"Dashen Super App is a game-changer with its sleek, user-friendly interface. Lightning-fast responses and seamless navigation make every task a breeze. Love the organized layout and clear features that save time daily. Fantastic work‚Äîhighly recommended for effortless banking!",5,2025-10-28,Dashen Bank,Google Play,0.9617,positive
"The design is clean and modern, and everything works smoothly without bugs. I love how reliable the app is it makes banking so convenient.",5,2025-10-28,Dashen Bank,Google Play,-0.17,negative
"A true banking super app! The Dashen Super App combines great design, security, and an impressive range of features. Highly recommended for anyone looking for a complete digital banking experience.",5,2025-10-28,Dashen Bank,Google Play,0.9712,positive
"‚ÄãI appreciate that this app allowed me to access multiple services in one centralized place. Thank you, Dashen Bank!",5,2025-10-28,Dashen Bank,Google Play,0.6696,positive
"This app makes my day-to-day payments so easy. Everything works perfectly, and it saves me a lot of time.",5,2025-10-28,Dashen Bank,Google Play,0.8377,positive
It‚Äôs impressive how consistently the app is improving. I‚Äôve been using it for months and they have improved a lot in terms of not only beauty but also performance wise.,5,2025-10-28,Dashen Bank,Google Play,0.8028,positive
This app has replaced several others for me. It has everything I need in one place.,5,2025-10-28,Dashen Bank,Google Play,0.0,neutral
"The app has evolved impressively over time. The latest release adds dark and light modes that enhance usability and design. It‚Äôs intuitive, modern, and clearly built with the user in mind ‚Äî setting a new benchmark for digital banking.",5,2025-10-28,Dashen Bank,Google Play,0.6908,positive
"Dashen superapp just keeps improving. The new theme options are beautiful, and the overall experience is faster and smoother than ever",5,2025-10-28,Dashen Bank,Google Play,0.7717,positive
I have been using this app for months and its easy to use and is user friendly thanks Dashen bank.,5,2025-10-28,Dashen Bank,Google Play,0.8402,positive
"Finally, banking made simple! Everything I need is in one super app. A true game changer for managing my finances on the go.",5,2025-10-28,Dashen Bank,Google Play,0.7901,positive
"I‚Äôve been using the the App, and it‚Äôs been working really well for my daily transactions. Good work üëå",5,2025-10-28,Dashen Bank,Google Play,0.8867,positive
"I appreciate how secure this app feels. Every transaction comes with confirmation, and I always get alerts immediately.",5,2025-10-28,Dashen Bank,Google Play,0.6249,positive
I love the new dark theme it gives the app modern feel n make it more comfortable to use,5,2025-10-28,Dashen Bank,Google Play,0.8313,positive
"This is amazing app, as it name ,truly supper.",5,2025-10-28,Dashen Bank,Google Play,0.7717,positive
This is one of the most user friendly and impressive apps I have encountered in the banking sector,5,2025-10-28,Dashen Bank,Google Play,0.7769,positive
"Amazing UI and UX, the dark mode looks absolutely awesome!",5,2025-10-28,Dashen Bank,Google Play,0.8585,positive
The updated design looks amazing. I really appreciate being able to switch between dark and light mode it‚Äôs a small change that makes a big difference!,5,2025-10-28,Dashen Bank,Google Play,0.7955,positive
Astonishing interface with ease of access and complete performance,5,2025-10-28,Dashen Bank,Google Play,0.3612,positive
"I rarely leave reviews, but this app truly deserves one. It‚Äôs efficient, secure, and makes financial tasks effortless. Definitely a 5-star experience",5,2025-10-28,Dashen Bank,Google Play,0.9357,positive
stunning UI with reliable service!,5,2025-10-28,Dashen Bank,Google Play,0.4389,positive
"Super Up is the ultimate digital banking app, living up to its name with speed, efficiency, and innovation. Designed for a seamless experience, it offers lightning-fast transactions, top-tier security, and effortless financial management. With Super Up, banking has never been this smooth, smart, and super!",5,2025-10-27,Dashen Bank,Google Play,0.969,positive
"The UI is impressive, but adding an ATM withdrawal feature for cardless cash access would enhance functionality. This may require updates to the ATM system as well. Please consider this, dev team.",4,2025-10-22,Dashen Bank,Google Play,0.7845,positive
convinent,5,2025-10-22,Dashen Bank,Google Play,0.0,neutral
Good,4,2025-10-21,Dashen Bank,Google Play,0.4404,positive
it is Excellent April jest continue more abeaten.....,4,2025-10-19,Dashen Bank,Google Play,0.5719,positive
I like it,5,2025-10-18,Dashen Bank,Google Play,0.3612,positive
abdrug bentahuuuu,3,2025-10-17,Dashen Bank,Google Play,0.0,neutral
"Dashen SuperApp is the worst app for me because it consistently fails during transfers. When I try to send money, the transaction freezes for extended periods‚Äîsometimes a full day, and often two or three days or more. Crucially, the funds are neither delivered to the recipient nor immediately refunded to my account, which is incredibly frustrating and makes me feel like I've lost my money. The app urgently needs a technical update to ensure transactions process smoothly and reliably.",1,2025-10-14,Dashen Bank,Google Play,-0.8122,negative
Best application,5,2025-10-14,Dashen Bank,Google Play,0.6369,positive
easy,5,2025-10-14,Dashen Bank,Google Play,0.4404,positive
lmo,5,2025-10-13,Dashen Bank,Google Play,0.0,neutral
meseret birara,5,2025-10-12,Dashen Bank,Google Play,0.0,neutral
it doesn't let me open my account,1,2025-10-12,Dashen Bank,Google Play,0.0,neutral
very good,1,2025-10-11,Dashen Bank,Google Play,0.4927,positive
it is the best,5,2025-10-11,Dashen Bank,Google Play,0.6369,positive
nice and best,5,2025-10-10,Dashen Bank,Google Play,0.7906,positive
good,5,2025-10-10,Dashen Bank,Google Play,0.4404,positive
Finish the app development fully before you give the final result. It's is very inconvenient and not that reliable at the moment.,1,2025-10-08,Dashen Bank,Google Play,-0.4005,negative
hayelu Beranu Bashre,5,2025-10-07,Dashen Bank,Google Play,0.0,neutral
üëéüëéüëéüëéüëéüëéüëéüëé connection not fast,5,2025-10-07,Dashen Bank,Google Play,0.0,neutral
good,5,2025-10-06,Dashen Bank,Google Play,0.4404,positive
"@Shewangizaw L. As a heavy user of the app , the issue you raised around resetting pass pin concerned me and gave it a try and found it to be safe. Basically the app will do two things: verifies one using an otp and then requires an in-person visit to bank's physical branch for final verification after resetting the password. Therefore, safe to use! I wish ""i""nformational tip was added around the reset button. Could not attach screenshot.",4,2025-10-06,Dashen Bank,Google Play,0.8313,positive
perfect,5,2025-10-06,Dashen Bank,Google Play,0.5719,positive
for dashen bankk it is best app so why your bank onlyu one one app for mobile banking that means superr app,5,2025-10-05,Dashen Bank,Google Play,0.6369,positive
wow,5,2025-10-04,Dashen Bank,Google Play,0.5859,positive
tadesa melka tulluu,1,2025-10-04,Dashen Bank,Google Play,0.0,neutral
I can't open virtual account.I have been trying it for about 3 days still no resolve.,2,2025-10-04,Dashen Bank,Google Play,-0.2924,negative
App is passive when compare to Amole it takes 3-5 seconds to open and i cannot refresh transactions what i did.,1,2025-10-03,Dashen Bank,Google Play,0.2023,positive
withdraw,1,2025-10-02,Dashen Bank,Google Play,0.0,neutral
It takes gazillion years to open üò∂,3,2025-10-02,Dashen Bank,Google Play,0.0,neutral
this app is outstanding,5,2025-10-01,Dashen Bank,Google Play,0.6124,positive
totally bad,1,2025-10-01,Dashen Bank,Google Play,-0.5849,negative
I really appreciate but we can't use it if don't have balance or data access,2,2025-10-01,Dashen Bank,Google Play,0.2492,positive
nice app,5,2025-09-30,Dashen Bank,Google Play,0.4215,positive
·àô·äê·åÉ·âµ ·ä†·â•·ãµ·àã ·à∏·à®·çç,2,2025-09-30,Dashen Bank,Google Play,0.0,neutral
it fast service,5,2025-09-29,Dashen Bank,Google Play,0.0,neutral
"Good improvements after the Sep 25, 2025 update.",4,2025-09-29,Dashen Bank,Google Play,0.6369,positive
I have one issue though what if the mobile phone with the sim is stolen and have no pattern or pin. The app allows to reset the pin directly without 2FA like finger print just by sending sms. which is a big gap. It should be addressed I didn't expect but it does and no trust at all.,1,2025-09-28,Dashen Bank,Google Play,-0.7788,negative
I love it üëç,5,2025-09-28,Dashen Bank,Google Play,0.6369,positive
Best,5,2025-09-28,Dashen Bank,Google Play,0.6369,positive
nice,5,2025-09-28,Dashen Bank,Google Play,0.4215,positive
gooe,5,2025-09-28,Dashen Bank,Google Play,0.0,neutral
nice app,5,2025-09-27,Dashen Bank,Google Play,0.4215,positive
Dashen super app is the best all ethiopian banks keep it,5,2025-09-27,Dashen Bank,Google Play,0.8442,positive
cool app,5,2025-09-27,Dashen Bank,Google Play,0.3182,positive
nice,5,2025-09-27,Dashen Bank,Google Play,0.4215,positive
App That makes cashless society in our century and Easy to use.,5,2025-09-27,Dashen Bank,Google Play,0.4404,positive
tadass,1,2025-09-27,Dashen Bank,Google Play,0.0,neutral
·àô·àÉ·åÇ·à´,1,2025-09-27,Dashen Bank,Google Play,0.0,neutral
It is an amazing app and all in one,5,2025-09-27,Dashen Bank,Google Play,0.5859,positive
i dont like it,1,2025-09-27,Dashen Bank,Google Play,-0.2755,negative
Dashen is the Future,5,2025-09-27,Dashen Bank,Google Play,0.0,neutral
the best version in üá™üáπ,5,2025-09-27,Dashen Bank,Google Play,0.6369,positive
excellent,5,2025-09-26,Dashen Bank,Google Play,0.5719,positive
"its amazing app, visually stunning",5,2025-09-26,Dashen Bank,Google Play,0.7506,positive
"Updates every time ü•≤, when it's updated, it doesn't work at all. üò≠",1,2025-09-26,Dashen Bank,Google Play,-0.4767,negative
the best app from other dashen is unique its fast app ever i had in my life,5,2025-09-26,Dashen Bank,Google Play,0.6369,positive
I love the new user interface,5,2025-09-26,Dashen Bank,Google Play,0.6369,positive
ok,5,2025-09-26,Dashen Bank,Google Play,0.296,positive
"Appreciated, Always one step ahead!",5,2025-09-26,Dashen Bank,Google Play,0.5562,positive
üëåüëå,5,2025-09-26,Dashen Bank,Google Play,0.9055,positive
The app stops working whenever there is an update unless you update the app. But it is better if it kept working on and updating should be optional.,3,2025-09-26,Dashen Bank,Google Play,0.5499,positive
"This is the first time i have experienced this much cool app out of all the other mobile banking platforms, im genuinely happy to see this kind of app here, tnx",5,2025-09-26,Dashen Bank,Google Play,0.7964,positive
it can't do without data or wifi,1,2025-09-26,Dashen Bank,Google Play,0.0,neutral
"The best UI banking app from all those I used, other Ethiopian banks I used have a really old UI. This is very neat and easy to use. Also so reliable.",5,2025-09-26,Dashen Bank,Google Play,0.8923,positive
So nice !,5,2025-09-26,Dashen Bank,Google Play,0.5244,positive
What's the problem with this app's that asking for updates on a daily basis?,1,2025-09-25,Dashen Bank,Google Play,-0.4019,negative
good,3,2025-09-25,Dashen Bank,Google Play,0.4404,positive
"Wow, I really loved the new UI/UX! Great job, Dashen Bank! You guys are the best mobile banking in Ethiopia.",5,2025-09-25,Dashen Bank,Google Play,0.9576,positive
excellent UI improvement üíØüíØ,5,2025-09-24,Dashen Bank,Google Play,0.7717,positive
one of the best app in Ethiopia .,5,2025-09-24,Dashen Bank,Google Play,0.6369,positive
great app,5,2025-09-23,Dashen Bank,Google Play,0.6249,positive
it is good but some times says duplicate transaction why? and text,5,2025-09-23,Dashen Bank,Google Play,0.2382,positive
good,5,2025-09-22,Dashen Bank,Google Play,0.4404,positive
Good,4,2025-09-19,Dashen Bank,Google Play,0.4404,positive
The worst app. It needs updating everyday. Ouch ü§ï,1,2025-09-19,Dashen Bank,Google Play,-0.6249,negative
safe and secure,3,2025-09-18,Dashen Bank,Google Play,0.6486,positive
·â†·å£·àù ·àù·âπ ·äê·ãç,4,2025-09-15,Dashen Bank,Google Play,0.0,neutral
"is not working right now with snmsung galaxy f15, please help me",1,2025-09-14,Dashen Bank,Google Play,0.6124,positive
good,5,2025-09-13,Dashen Bank,Google Play,0.4404,positive
Your staffs are really hardworking but the app is not like your employees,3,2025-09-12,Dashen Bank,Google Play,-0.395,negative
·ã≥·à∫·â£·ä≠,5,2025-09-11,Dashen Bank,Google Play,0.0,neutral
total,5,2025-09-11,Dashen Bank,Google Play,0.0,neutral
good,5,2025-09-10,Dashen Bank,Google Play,0.4404,positive
dashen super app is the best,5,2025-09-10,Dashen Bank,Google Play,0.8442,positive
zero sezzs55s·ã®·ã®·ãà·ã∞·à†·à´·ãä·â± ·ã∞·ã®·ä•·ã´·âª·âª·àâ ·àê·ã®·ã®·àò·äï·ã∞ ·ã∞·àù ·ã®·à∞·ãç ·ã®·ã®·àò·äï ·ã®·à∞·ãç ·ç¢·ã∞·àù ·àê·àõ·àö·åÄ·ã®·ã®,5,2025-09-09,Dashen Bank,Google Play,0.0,neutral
not werke,2,2025-09-08,Dashen Bank,Google Play,0.0,neutral
what happened to dashen bank? this is by far the worst banking app. extremely slow when it works and is out of service all the time,1,2025-09-08,Dashen Bank,Google Play,-0.6249,negative
simple and easy to use,5,2025-09-08,Dashen Bank,Google Play,0.4404,positive
meke,4,2025-09-07,Dashen Bank,Google Play,0.0,neutral
"not a great app compared to the others ,It freezes randomly ,Takes a lot to load ,and a lot of errors while sending money ,I stopped using it",1,2025-09-07,Dashen Bank,Google Play,-0.7713,negative
bad specialy at weekends,1,2025-09-07,Dashen Bank,Google Play,-0.5423,negative
"I am very disappointed with the Dashin Bank Super App. The app does not allow me to withdraw 50 birr or can't transfer money and even I can't use it to buy airtime. This makes me feel like my 50 birr is no longer my money, but the bank‚Äôs money, since I cannot access or use it freely. According to the National Bank of Ethiopia (NBE), the rule is that 100 birr is not withdrawable, but it can be used to buy airtime or transferred to friends. Dashin Bank‚Äôs restriction goes beyond this rule and unfa",1,2025-09-06,Dashen Bank,Google Play,0.7522,positive
It is good apps but it needs strong network,5,2025-09-06,Dashen Bank,Google Play,0.7506,positive
very slow,3,2025-09-06,Dashen Bank,Google Play,0.0,neutral
The app doesn't allow to switch between accounts. Why is it not possible to use two accounts on the same app even if the accounts have been opened at different branch?,2,2025-09-06,Dashen Bank,Google Play,-0.1695,negative
lacag inaad amaahisan somalida maxaad ku diiden,5,2025-09-05,Dashen Bank,Google Play,0.0,neutral
